name,description,brand,language,link,battery_operated,shareable,age_min,age_max,piece_count,quantity,admin_notes,materials,keywords,tags,images
Abacus,"This classic wooden abacus features a sturdy hardwood frame with 100 brightly colored beads that slide smoothly along ten wires, making it perfect for early learning and play. Children can use it to explore counting, patterns, colors, and basic math concepts in a hands-on, screen-free way. Designed for little hands and built to last, it's an engaging educational tool that supports fine motor skills and early numeracy development.",,,,no,yes,36,,1,1,,wood,,learning,Abacus_primary.png
Alphabet Blocks,"Expand your knowledge of France with French language blocks. Enjoy the embossed fleur-de-lis filigree. This stylized detail surrounds two capital letters on opposing sides of each block. Two other sides show one number and one animal paired with their French translations. Two more hand crafted letters make four complete alphabets.

Cherchez the color palette inspired by the softer tones of the Delacroix ""Liberty Leading the People"" painting. The fleur-de-lis filigree you see is unique to the Uncle Goose French block set.
Made using sustainable Midwestern basswood
Printed with safe-to-touch inks
100% made in the USA",Uncle Goose,French,,no,yes,24,,,1,,wood,,"building, learning",Alphabet Blocks_primary.jpg
Astronaut Costume,"Blast off into imagination with this astronaut costume, designed to inspire space-bound adventures and curious minds. Featuring a sleek suit with realistic mission patches and a comfortable fit, it's perfect for exploring galaxies both real and pretend. Whether for playtime or special events, this outfit turns every child into a fearless space explorer. Fits approximately ages 4-6.",H&M,,,no,yes,,,1,1,,fabric,,pretend play,Astronaut Costume_primary.jpg
Aventuras en la Ciudad con Peppa Pig,"For Peppa and her friends, every day is an adventure! With original music.",Yoto,Spanish,,no,yes,36,,1,1,,plastic,,yoto,"Aventuras en la Ciudad con Peppa Pig_primary.jpg, Aventuras en la Ciudad con Peppa Pig_photo2.jpg"
Barn Shape Sorter,"The Barn Shape Sorter is a portable wooden farm toy that lets toddlers fit 10 chunky, farm-themed pieces into matching shaped holes in the barn or stand them up for imaginative play. Its sturdy barn with a flip-up roof and built-in handle makes it easy to take playtime anywhere, while the extra-thick pieces are perfect for little hands to grasp and maneuver. Designed to promote fine motor skills, sorting, and matching through hands-on, screen-free fun.",Melissa & Doug,,,no,yes,24,,11,1,,wood,,"baby, learning",Barn Shape Sorter_primary.jpg
Bee Tummy Time,"This crawl toy is designed to grow with babies through three developmental stages starting at 5 months. It encourages discovery, exploration, and the development of motor and sensory skills. The cloud toy moves in patterns that motivate beginner and more advanced crawlers to engage and chase. The movement starts in a gentle circular motion and later becomes more random as skills improve. Throughout all stages, colorful lights, sounds, and music provide multi-sensory stimulation that keeps babies entertained and motivated to crawl.",,,,yes,yes,0,,2,1,,plastic,,"active, baby",Bee Tummy Time_primary.jpg
Bilibo,"Bilibo is a versatile, open-ended toy that sparks imagination through active, creative play. Its unique shell shape can be used for sitting, spinning, rocking, or inventing endless games indoors or outdoors. Durable and child-powered, Bilibo encourages balance, coordination, and free-form exploration without screens or batteries.",,,,no,yes,24,,1,1,,plastic,,active,Bilibo_primary.jpg
Bristle Blocks,"Bristle Blocks are colorful, soft, interlocking building toys with flexible bristles that stick together at any angle. They are easy for toddlers and young children to connect for frustration-free, imaginative construction. They promote STEM skills, fine motor skills, hand-eye coordination, and creativity, with sets often including wheels, figurines, and storage jars for endless building possibilities like vehicles, animals, and castles.",,,,no,yes,24,,59,1,,plastic,,building,Bristle Blocks_primary.jpg
Butterfly Matching Game,"A colorful butterfly matching game that helps children build memory and concentration skills. Players flip over cards to find pairs of beautifully illustrated butterflies. It's a simple, engaging activity that encourages focus, visual recognition, and turn-taking.",Eeboo,,,no,yes,60,,44,1,,paper,,puzzles,"Butterfly Matching Game_primary.jpg, Butterfly Matching Game_photo2.jpg"
Cash Register, ,Melissa & Doug,,,no,yes,36,,,1,,"wood, plastic",,learning,
Chunky ABC Puzzle,"Help little ones learn their letters the hands-on way with this colorful chunky wooden alphabet puzzle, perfect for small fingers to grab, lift, and place! Each thick, oversized piece fits snugly into its matching slot, making it a fun and satisfying challenge for toddlers and early learners. It's a classic toy that makes learning the ABCs feel like playtime!",Little Tikes,,,no,yes,36,,27,1,,wood,,"learning, puzzles",Chunky ABC Puzzle_primary.jpg
Chunky Wooden Jigsaw Puzzle,A puzzle that's easy to hold—and a challenge to solve. Part of the Companion Lovevery Playkit for ages 22-24 months.,Lovevery,,,no,yes,12,,4,1,,wood,lovevery,baby,"Chunky Wooden Jigsaw Puzzle_primary.jpg, Chunky Wooden Jigsaw Puzzle_photo2.jpg"
Clock, ,Lakeshore,,,no,yes,60,,1,1,,"wood, plastic",,learning,Clock_primary.jpg
Clown puzzle,8 piece wooden clown puzzle with pegs for easy handling.,Simplex,,,no,yes,12,,9,1,,wood,,puzzles,Clown puzzle_primary.jpg
Community Garden Puzzle, ,Lovevery,,,no,yes,12,,6,1,,wood,,puzzles,
Corn Popper,"The Fisher-Price Corn Popper is a classic push-along toy that delights toddlers with bright colors and lively popping sounds. As little ones walk and push, the colorful balls bounce inside the dome, rewarding movement and encouraging early motor development. Its simple cause-and-effect design keeps children engaged while supporting coordination and active play.",Fisher-Price,,,no,yes,12,,1,1,,plastic,,baby,Corn Popper_primary.jpg
Cranium Junior,"Cranium Junior, often called Cranium Cadoo is the outrageously fun game designed especially for kids. With a variety of hilarious activities, the game gets kids thinking, creating, giggling, and grinning as they try to get four tokens in a row to win. Can you sculpt a taco? Act out a hula dancer? Think of a word that means to bounce a basketball and to drip milk from your chin? Which is strongest for its size: an ant, a human, or a chimp? Whether kids love to act, puzzle, sketch, sculpt, or even crack secret codes, Cadoo has something for them. Two or more kids will have a blast playing Cadoo -- even grown-ups will love to play and show what they can do! 2+ players",Hasbro,,,no,yes,84,,100,1,,"paper, plastic",,games,"Cranium Junior_primary.jpg, Cranium Junior_photo2.jpg"
Cubebot,"Cubebot is a wooden toy robot inspired by Japanese Shinto Kumi-ki puzzles. Made from wood and elastic, Cubebot can be positioned to hold dozens of poses. When it's time to rest, Cubebot folds back into a perfect cube. A classic toy for all ages that will endure generations of play.",Areaware,,,no,yes,48,,1,1,,"wood, string",,"learning, pretend play","Cubebot_primary.png, Cubebot_photo2.png"
Cuentos de aventuras con Peppa Pig,"For Peppa and her friends, every day is an adventure! With original music.",Yoto,Spanish,,no,yes,36,,1,1,,plastic,,yoto,"Cuentos de aventuras con Peppa Pig_primary.jpg, Cuentos de aventuras con Peppa Pig_photo2.jpg"
Cuentos para cada dia con Peppa Pig,"For Peppa and her friends, every day is an adventure! With original music.",Yoto,,,no,yes,36,,1,1,,plastic,,yoto,"Cuentos para cada dia con Peppa Pig_primary.jpg, Cuentos para cada dia con Peppa Pig_photo2.jpg"
Cuentos para escuchar en familia,"For Peppa and her friends, every day is an adventure! With original music.",Yoto,Spanish,,no,yes,36,,1,1,,plastic,,yoto,"Cuentos para escuchar en familia_primary.jpg, Cuentos para escuchar en familia_photo2.jpg"
Deep Ocean Puzzle, ,Quokka,,,no,yes,36,,30,1,,paper,,puzzles,"Deep Ocean Puzzle_primary.jpg, Deep Ocean Puzzle_photo2.jpg"
Dinosaur Stacking Blocks, ,,,,no,yes,48,,20,1,,wood,,games,Dinosaur Stacking Blocks_primary.jpg
Doll Stroller,"A doll stroller is a charming accessory that lets children take their favorite dolls or stuffed animals along for imaginative adventures or simply some extra balance for new walkers. Designed with lightweight frames, easy-grip handles, and smooth-rolling wheels, it's perfect for indoor or outdoor pretend play. It folds for easy storage and feature fun fabrics, making them both practical and delightful for little caregivers.",,,,no,yes,12,,1,1,,,,"active, baby","Doll Stroller_primary.jpg, Doll Stroller_photo2.jpg"
Double Sided Puzzle,"1 set of pieces, two puzzles. Part of the Lovevery Helper Kit for ages 25-27 months.",Lovevery,,https://lovevery.com/?utm_source=google&utm_medium=cpc&utm_campaign=shopping_us-pmax_core_angler-ai&utm_marketing_tactic=shopping&gclid=CjwKCAjwtcHPBhADEiwAWo3sJgcOYWauRn-ovuArwfqVkN4z3wRxtcz4sUM8met8BK3iV6XMSXURwBoCZfMQAvD_BwE&gad_source=1&gad_campaignid=23032072259&gbraid=0AAAAACnVutsnrCGjc3VsHRauXBs07RC05&gclid=CjwKCAjwtcHPBhADEiwAWo3sJgcOYWauRn-ovuArwfqVkN4z3wRxtcz4sUM8met8BK3iV6XMSXURwBoCZfMQAvD_BwE,no,yes,24,,8,1,,wood,,puzzles,"Double Sided Puzzle_primary.jpg, Double Sided Puzzle_photo2.jpg"
Drop & Match Dot Catcher,From the Lovevery Helper Play Kit for ages 25-27 months.,Lovevery,,,no,yes,24,,26,1,,"wood, plastic",,learning,Drop _ Match Dot Catcher_primary.jpg
Felt Flowers,"Plant them, pick them, and make a bouquet. Part of the Lovevery Helper Play Kit for ages 25-27 months.",Lovevery,,https://lovevery.com/products/the-play-kits-the-helper?srsltid=AfmBOorkXkJczZecYnLmb-PDLfsEbkY_N8vk0SbZeNT23XoWGVzNVYUt,no,yes,24,,6,1,,"wood, fabric",,pretend play,"Felt Flowers_primary.jpg, Felt Flowers_photo2.jpg"
Firefighter Costume,Sound the sirens and make way for the rescue! This role play outfit is a bright red jacket trimmed with reflective material. The Fire Chief Role Play Set is sized to fit boys and girls ages three to six. The high-quality fabrics and solid construction ensure durability so your kids can wear it over and over again.,Melissa & Doug,,https://www.melissaanddoug.com/products/fire-chief-role-play-costume-set?variant=40109117472822&gclsrc=aw.ds&gad_source=1&gad_campaignid=21802289665&gbraid=0AAAAA949c4wsxlDPrgX0OAdKU0OYRh2tJ&gclid=CjwKCAjwhqfPBhBWEiwAZo196kypK19laiXm6rw_mq7Jp3dWMZon4VJKlzlq0ubrw2BTqKLHdtIHWRoCQ5AQAvD_BwE,no,yes,36,,1,1,,fabric,,pretend play,"Firefighter Costume_primary.jpg, Firefighter Costume_photo2.jpg"
First Words Flashcards, ,,,,no,yes,12,,22,1,,paper,,learning,
Flying Disc Launcher,"This fun outdoor toy lets kids step down on the launcher to send flying discs soaring into the air for exciting toss-and-catch play. Lightweight and easy to use without batteries, it encourages active play, coordination, and friendly competition in the backyard or park. Perfect for kids of all ages, it turns simple running and catching into high-energy outdoor fun.",,,,no,yes,36,,9,1,,plastic,,active,Flying Disc Launcher_primary.jpg
Ford Mustang Model Car,"This detailed die-cast model of the 2012 Ford Mustang Boss 302 features a sleek black hardtop design with realistic styling and true-to-scale proportions. Built with a durable metal body and rubber tires, it includes interactive elements like opening doors and hood for added play and display appeal.",Showcasts,,,no,yes,36,,1,1,,"metal, plastic",,vehicles,"Ford Mustang Model Car_primary.jpg, Ford Mustang Model Car_photo2.jpg"
Forest Friends Block Puzzle (9 pieces),"This 9 piece puzzle is actually 6 puzzles in 1, putting a new spin on the traditional puzzle. The scenes feature a variety of forest creatures.",Mudpuppy,,,no,yes,12,,9,1,,"plastic, paper",,puzzles,"Forest Friends Block Puzzle _9 pieces__primary.jpg, Forest Friends Block Puzzle _9 pieces__photo2.jpg"
Fruit Fidget Poppers,"Pop, pop, pop your way through a whole fruit bowl with this super fun 3-piece fidget toy set, featuring a cool avocado, a colorful watermelon, and a silly bunch of bananas! Press the bubbly bumps in and out as many times as you want — they always bounce back for more popping fun! Grab all three fruity friends and see how fast your fingers can go!",,,,no,yes,12,,3,1,,plastic,,sensory,Fruit Fidget Poppers_primary.jpg
Hape Sunny Valley Adventure Dome,"Sunny Valley Adventure Dome is an interactive 3D magnetic maze toy that invites little ones to drop magnetic beads through slides and engaging features using Lily the bird's magnetic beak. With fun elements like spiraling paths, a spinning windmill, and a ringing bell under the clear dome, it keeps kids entertained while they explore cause-and-effect play. Designed to support fine motor skills, imaginative storytelling, and cooperative play, it's a charming addition to any playroom.",Hape,,,no,yes,24,,1,1,,"plastic, wood, magnets",,sensory,Hape Sunny Valley Adventure Dome_primary.jpg
Ice Cream Truck & Tow Truck, ,Fisher-Price,,,no,yes,12,,4,1,,plastic,,vehicles,
K'NEX,"K'NEX building sets feature colorful rods, connectors, and moving parts that snap together to create endless structures, vehicles, and machines. The pieces are durable, reusable, and designed for easy assembly, making them ideal for both guided builds and open-ended creativity. K'NEX promotes hands-on learning while delivering hours of engaging, imaginative play.",K'NEX,,,no,yes,60,,100,1,,plastic,,building,K_NEX_primary.jpg
Kidscope,"Introduce children to a real scientific toy that sparks curiosity and encourages hands-on, interactive learning from an early age with this microscope. With science toys like the Kidscope, kids can start developing an interest in more than one field as young as 3 years old, from biology to astronomy and beyond. Designed with kid-friendly features such as a comfy double eyepiece (no need to close one eye!) low magnification to provide a wide field of view, easy-focus knob, and illuminating LED light

The Kidscope includes 15 slides with 60 real images, storage drawer, build-in LED light, and guide with over 200 facts to support scientific exploration.",,,,yes,yes,60,,63,1,,plastic,,learning,Kidscope_primary.jpg
Knight tunic,"A knight tunic child costume is a simple, medieval-style garment worn over clothing. Made from soft, comfortable materials, it's designed for easy movement and imaginative play. Perfect for dress-up, it encourages storytelling and role-playing as children become heroic knights on their own adventures.

Fits approximately ages 4-6 years.",,,,no,yes,,,1,1,,fabric,,pretend play,Knight tunic_primary.jpg
Lincoln Logs,"Lincoln Logs are classic wooden building toys made of notched pieces that fit together to create structures like cabins, houses, and forts. They encourage creativity, problem-solving, and fine motor skill development through hands-on construction. Simple yet timeless, they let kids design and rebuild endlessly using their imagination.",,,,no,yes,36,,100,1,,"plastic, wood",,building,Lincoln Logs_primary.jpg
Lite Brite,"This retro-inspired creative light-up art set lets kids make glowing pictures by placing colorful pegs into the board's grid to form bright designs. Through freeform play, children can explore endless artistic possibilities while enjoying the satisfying illumination of their creations. It's a screen-free way to spark imagination and build fine motor skills through hands-on fun.",,,,yes,yes,48,,100,1,,plastic,,sensory,Lite Brite_primary.jpg
Mack Dump Truck & Snowplow,"This highly detailed construction truck toy features the iconic Mack Granite design with a functional snow plow blade for realistic winter play. Built from durable, high-quality plastic, it includes interactive elements like opening doors, a tilting hood, and a working dump bed for loading and unloading materials.

Note: This truck is rather large, measuring about 21 inches in length.",Bruder,,,yes,yes,48,,1,1,,"metal, plastic",,vehicles,"Mack Dump Truck _ Snowplow_primary.jpg, Mack Dump Truck _ Snowplow_photo2.jpg"
Magnetic Car Set,"Roll, spin, and play to engage your little one's senses! Practice motor skills with three colorful, linkable magnetic cars designed for little hands to push along. Discover the special features of each car with parts that spin, rattle, and fold open for bonus sensory play, and explore the weather with illustrated coins.",KiwiCo,,,no,yes,12,,5,1,,wood,,baby,Magnetic Car Set_primary.jpg
Manhattan Toy Skwish,"The Manhattan Toy Skwish is a timeless wooden baby toy featuring a unique web of rods and sliding beads that captivate little hands and eyes. Its flexible design allows it to squish flat and spring back to shape, encouraging grasping, shaking, and sensory exploration. Lightweight and easy to hold, it supports early motor skill development while providing gentle rattling sounds for added engagement.",,,,no,yes,0,,1,1,,"wood, string",,baby,Manhattan Toy Skwish_primary.jpg
Marble Run,"A marble run is a hands-on construction toy that lets kids design and build their own twisting tracks, ramps, and towers for marbles to race through. Bright, durable pieces connect easily, encouraging creativity, problem-solving, and an understanding of basic engineering concepts like gravity and momentum. Each build is unique, offering endless opportunities for experimentation, excitement, and active learning through play.",,,,no,yes,36,,100,1,,plastic,,building,"Marble Run_primary.jpg, Marble Run_photo2.jpg"
MegaBloks,"Mega Bloks are large, easy-to-handle building blocks designed especially for little hands. They snap together securely to help toddlers build towers, shapes, and imaginative creations with confidence. Fun and durable, they support creativity, fine motor skills, and early problem-solving through hands-on play.",,,,no,yes,12,,84,1,,plastic,,building,MegaBloks_primary.jpg
Moose Match Mayhem,"The Moose Match Mayhem game is a lively speed-matching game where players race to collect sets of animals before their opponents. Quick rounds and simple rules make it easy to learn, while action cards add unexpected twists that keep everyone on their toes. Perfect for family game night, it combines fast reflexes, friendly competition, and lots of laughs.",DolphinHat,,,no,yes,84,,93,1,,paper,,games,Moose Match Mayhem_primary.jpg
My First Opposites Yoto Card,"Opposites are one of life's fundamental concepts and this interactive card helps preschoolers get to grips with them. Through a series of interactive questions, complemented by images, your little one will know their 'big' from their 'small', their 'wet' from their 'dry' and their 'happy' from their 'sad' in no time!",Yoto,,,no,yes,0,,1,1,,plastic,,yoto,"My First Opposites Yoto Card_primary.jpg, My First Opposites Yoto Card_photo2.jpg"
My first 100 words, ,Yoto,,,no,no,0,,1,1,,plastic,,yoto,
On a Scale of 1 to T-Rex,"A card game for people who are bad at charades.

PLAYERS MUST PERFORM RIDICULOUS ACTIONS, BUT THE TWIST IS THAT THEY DON'T NECESSARILY HAVE TO DO IT WELL.

Each player is given an action. Everyone performs their actions at the same time. Your action isn't a secret. Everybody knows what everybody else is doing. The secret is how intensely you perform it on a scale of 1 to 10. You win by guessing the intensity of each others' performances. In the midst of all that roaring, dancing, meowing and yodeling, you must find someone on the same level as you.",Exploding Kittens,,https://www.explodingkittens.com/products/on-a-scale-of-one-to-t-rex-original-edition?srsltid=AfmBOorUmHFxguLZKn11cfEATt6Y-WzHjomHPHr-HM3cQStqyZ5OAY3D,no,yes,84,,100,1,,"paper, plastic",,games,On a Scale of 1 to T-Rex_primary.jpg
Owl Puzzle,This artistic owl puzzle consists of 300 pieces. The final size of the puzzle is approximately 15 inches x 10 inches.,,,,no,yes,72,,100,1,,paper,,puzzles,Owl Puzzle_primary.jpg
Pattern Blocks,"Pattern blocks are brightly colored geometric pieces designed for hands-on pattern building and design. Children can arrange the shapes to create repeating patterns, pictures, and mosaics. This classic learning tool supports early math concepts, spatial awareness, and creative exploration through structured play.",,,,no,yes,36,,100,1,,"plastic, paper, wood",,learning,Pattern Blocks_primary.jpg
Pickup Sticks,"Pickup Sticks is a classic game of patience and steady hands where players carefully remove sticks from a pile without disturbing the others. Each successful pick earns points based on the stick's color, adding a simple layer of strategy. Easy to learn and engaging for a wide range of ages, it's a great activity for building focus and fine motor skills.",,,,no,yes,60,,31,1,,wood,,games,Pickup Sticks_primary.jpg
Pirate Costume,"Set sail for adventure with this classic pirate costume, perfect for treasure hunts and high-seas storytelling. Featuring bold details like a striped shirt, rugged vest, and swashbuckling accessories, it brings the spirit of the open ocean to life. Whether for playtime or dress-up occasions, it transforms any child into a daring captain of their own ship. Fits approximately ages 4-6 years.",,,,no,yes,,,1,1,,fabric,,pretend play,Pirate Costume_primary.jpg
Poppitoppy,"Poppitoppy is an engaging cause-and-effect toy that comes to life with every press of its top. As children push down, colorful balls pop and bounce inside, creating a fun visual and auditory experience that keeps little ones entertained. Designed for small hands, it helps develop fine motor skills, coordination, and early curiosity through interactive play.",B. Toys,,,no,yes,12,,1,1,,plastic,,baby,Poppitoppy_primary.jpg
Quick Cube,"The Quick Cube is a compact and beginner-friendly puzzle designed for fast, smooth solving. Its easy-turning mechanism and corner-cutting design allow for quick movements, making it ideal for learning and improving speed. Durable and low-maintenance, it offers a satisfying hands-on challenge for both kids and adults.",Duncan,,,no,yes,72,,1,1,,plastic,,puzzles,Quick Cube_primary.jpg
Race and Chase Ramp,Explore motion and direction with our unique side-by-side racing ramp. Part of the Adventurer Play kit for ages 16-18 months.,Lovevery,,,no,yes,12,,3,1,,wood,lovevery,"baby, vehicles",Race and Chase Ramp_primary.jpg
Rainbow Nesting Bowls,"This set of five brightly colored wooden Rainbow Nesting Bowls by Grimm's can be nested or stacked, providing hours of creative play for babies and toddlers.

As children get older, they will have fun filling one with small items, such as beans or gemstones, and emptying them into another bowl. The bowls can also be used for kitchen play.",Grimm's,,,no,yes,12,,5,1,,wood,,baby,"Rainbow Nesting Bowls_primary.jpg, Rainbow Nesting Bowls_photo2.jpg"
Roly Poly Koala,"Koala's rounded, weighted bottom will always spin him back upright for more play. And as he rolls around he makes a lovely tinkling bell sound, for additional sensory stimulation.

Ideal for babies learning to crawl, Koala's wobbling action entices little ones to reach out and push. The repetitive action improves hand-eye coordination and fine motor skills, all the while helping to develop an understanding of cause and effect Koala's ears offer a great grip point for small hands.",Tiger Tribe,,,no,yes,0,,1,1,,plastic,,baby,Roly Poly Koala_primary.jpg
Routine Cards,Help visualize your child's routine with the Lovevery routine cards. From the Helper Play Kit for ages 25-27 months.,Lovevery,,,no,yes,12,,20,1,,paper,lovevery,learning,"Routine Cards_primary.jpg, Routine Cards_photo2.jpg"
Songs from the Playground,"Jazzy Ash is a celebrated vocalist, writer, arts educator, and founder of Leaping Lizards Music, a music and theater education program for students, preschool through twelfth grade.

In this card, Jazzy Ash is reimagining African American folk songs written and sung by children in playgrounds over the last 100-200 years. Joined by her pianist, she is creating a unique jazz-inflected take on these tunes and creating something that is old, yet new, universal yet unique.

Track Listing:

1.   Yoto Intro
2.   Fly Through My Window
3.   Oats and Beans
4.   Pizza Pizza Daddy-O
5.   Head and Shoulders
6.   Green Grass Grows
7.   Mister Rabbit
8.   Bought Me a Cat
9.   Down, Down Baby
10. My Mama's Calling Me
11. Old Lady Sally
12. C-Line Woman
13. Little Johnny Brown
14. Love Somebody
15. Yoto Outro",Yoto,,,no,yes,0,,1,1,,plastic,,yoto,"Songs from the Playground_primary.jpg, Songs from the Playground_photo2.jpg"
Spinning Aquarium,"The Spinning Ocean Adventure Aquarium is an interactive toy that brings the underwater world to life for babies and toddlers. With a simple press of the water spout, the aquarium spins, lights up, and plays cheerful music while adorable sea creatures dance and swirl inside, capturing little ones' attention and encouraging cause-and-effect learning. Colorful buttons introduce animals, colors, and numbers, making play both fun and educational.",Vtech,,,yes,yes,0,,1,1,,plastic,,baby,Spinning Aquarium_primary.jpg
Stacking Rainbow,"This rainbow is very versatile - children like to stack and sort, use it as a cradle for dolls, as a tunnel or bridge for their vehicle, or as a fence for their animals. This rainbow is great for small world play.",Grimm's,,,no,yes,12,,6,1,,wood,,baby,Stacking Rainbow_primary.jpg
Stacking Trio,"A stacking toy, composed of three sets of geometric pieces of varying sizes and colors, to be assembled on three flexible rods. Children will learn to differentiate sizes, forms and colors, while creating amusing characters according to their imagination.",Voila,,https://www.wisekidstoys.com/products/voila-207-geo-trio?srsltid=AfmBOooUfjmebBs3jyFSf0C3SJeopvlEabpi86_kwQrEeAFVd_o7mo9R,no,yes,12,,13,1,,wood,,baby,Stacking Trio_primary.jpg
Story Shed Podcast Yoto Card,"Original and entertaining stories from an experienced teacher who understands what engages children. Yoto's own Jake Harris, primary school teacher and podcaster extraordinaire, creates this gem of a podcast, which updates regularly.",Yoto,,,no,yes,60,,1,1,,plastic,,yoto,"Story Shed Podcast Yoto Card_primary.jpg, Story Shed Podcast Yoto Card_photo2.jpg"
Thomas and Friends Puzzle (48 pieces),"This 24-piece Thomas the Tank Engine puzzle features bright, colorful artwork with Thomas and friends that kids will love. Designed for little hands, the sturdy pieces fit together easily while building confidence and problem-solving skills. Perfect for early puzzlers, it encourages focus, patience, and imaginative play.",,,,no,yes,36,,24,1,,paper,,puzzles,"Thomas and Friends Puzzle _48 pieces__primary.jpg, Thomas and Friends Puzzle _48 pieces__photo2.jpg"
Thomas the Tank Engine Puzzle (24 pieces),"This 24-piece Thomas the Tank Engine puzzle features bright, colorful artwork with Thomas that kids will love. Designed for little hands, the sturdy pieces fit together easily while building confidence and problem-solving skills. Perfect for early puzzlers, it encourages focus, patience, and imaginative play.",,,,no,yes,36,,24,1,,paper,,puzzles,"Thomas the Tank Engine Puzzle _24 pieces__primary.jpg, Thomas the Tank Engine Puzzle _24 pieces__photo2.jpg"
Toppling Dominoes,"These colorful dominoes are designed for lining up and creating exciting chain-reaction topples. Simply arrange the tiles in patterns or paths, then tip the first one to watch them fall in a smooth, satisfying sequence. Perfect for hands-on play, they encourage creativity, focus, and an understanding of cause and effect.",,,,no,yes,60,,97,1,,plastic,,building,Toppling Dominoes_primary.jpg
"Triange, Circle, Square Building Set",These colorful blocks are for both building and puzzle. Open a whole new world with these geometrical shapes.,Grimm's,,https://www.grimms.eu/en/products/building-set-triangle-square-circle?srsltid=AfmBOopVwbl5fxw1jxQy63DSmgHpIy_BSTt6SveSOvHMRw6ydPTLgY76,no,yes,12,,30,1,,wood,,building,Triange_ Circle_ Square Building Set_primary.jpg
Triangle,"The triangle is a simple percussion instrument made from a metal rod bent into a three-sided shape, played by striking it with a small metal beater. It produces a bright, clear ringing sound that helps children explore rhythm, timing, and cause-and-effect through play. Durable and easy to use, it's a great introduction to music for young children.",,,,no,yes,36,,2,1,,metal,,sensory,Triangle_primary.jpg
Tropical Pop-Up,"This engaging pop-up toy introduces babies to cause and effect through playful interactions with cheerful tropical fruit characters. Little ones can activate different features to reveal a strawberry, pear, pineapple, and orange, helping build fine motor and memory skills. Designed for ages 9 months and up, it's made of easy-to-clean plastic and perfectly sized for small hands.",Fisher-Price,,,no,yes,9,,1,1,,plastic,,baby,Tropical Pop-Up_primary.jpg
Under the Sea Puzzle (48 pieces),"Dive into an underwater adventure with this vibrant 48-piece sea creatures puzzle. Featuring colorful fish, playful dolphins, and other fascinating ocean life, it's designed to engage young minds while building problem-solving skills. Perfect for little hands, the sturdy pieces come together to create a lively ocean scene that kids will love exploring again and again.",,,,no,yes,36,,48,1,,paper,,puzzles,"Under the Sea Puzzle _48 pieces__primary.jpg, Under the Sea Puzzle _48 pieces__photo2.jpg"
Uno,"Uno is a fast-paced card game where players race to be the first to get rid of all their cards by matching colors or numbers. Special action cards add excitement by reversing play, skipping turns, or making others draw extra cards. Easy to learn, UNO is perfect for group play and building turn-taking and strategy skills.",Mattel,,,no,yes,84,,100,1,,paper,,games,Uno_primary.jpg
Water Waves Nesting Blocks,"Carved out of a single block of hardwood, these six Water Waves Nesting Blocks nestle together to create a stacking toy as well as a simple nesting puzzle.

This is an inspired, open-ended Waldorf toy designed to stimulate a child's creativity. Pieces can be used as a bridge, hill, fence, see-saw, doll cradle, tunnel, or cozy cave for imaginary playmates.",Grimm's,,,no,yes,12,,6,1,,wood,,baby,
Wooden Lacing Beads,"These Blues Clues beads lace on colorful cords; match to patterns on double-sided activity cards or create unique patterns and designs. An engaging and creative way to learn shapes, colors, and counting; helps develop fine motor and problem-solving skills. Includes 25 1-inch wooden beads with shapes, numbers, colors, Blue's Clues & You! characters, and more, 4 lacing cords, 4 double-sided activity cards, wooden storage crate for easy cleanup.",Melissa & Doug,,,no,yes,48,,33,1,,"wood, string",,sensory,Wooden Lacing Beads_primary.jpg
Wooden Stacking Pegboard,Fit small objects into small spaces while building colorful towers. Part of the Adventurer play kit for ages 16 - 18 months.,Lovevery,,,no,yes,12,,13,1,,wood,lovevery,baby,Wooden Stacking Pegboard_primary.jpg
Wooden Train, ,,,,no,yes,12,,10,1,,wood,,baby,
Xylophone,"A glockenspiel (slightly different from a xylophone!) is a percussion instrument made of metal bars arranged like a small keyboard and played with mallets. It produces bright, bell-like tones and is great for helping children explore melody, pitch, and early music skills.

Note: This high quality glockenspiel is designed for older kids wanting to learn about music, not a toddler toy.",,,,no,yes,72,,3,1,,"metal, wood",,sensory,Xylophone_primary.jpg
