 ,# Pieces,Age Range ,Materials,Batteries,Category,Brand
Lincoln Logs,100+,3+,"Plastic, Wood",No,Building,
Bristle Blocks,59,2+,Plastic,no,Building,
Under the Sea puzzle,48,3+,Paper,no,Puzzle,
Lite Brite ,100+,4+,Plastic,Yes,Sensory,
MegaBloks,84,1 +,Plastic,No,Building,
Bilibo ,1,2 +,Plastic,no,Active,
Thomas Train puzzle 1,24,3+,Paper,no,Puzzle,
Thomas Train puzzle 2,24,3+,Paper,no,Puzzle,
Abacus,1,3+,Wood,no,Learning,
Bee Tummy Time Toy,2,0+,Plastic,yes,Baby,
Barn Shape Sorter ,11,2+,Wood,no,"Learning, Baby",
Spinning Aquarium,1,0+,Plastic,yes,Baby,
Dominoes,100+,5+,Plastic,no,Building,
Pattern Blocks,100+,3+,"Plastic, paper, wood",no,Learning,
Flying Disc Launcher,9,3+,Plastic,no,Active,
Hape Sunny Valley Adventure Dome,1,2+,"Plastic, wood, magnets",no,Sensory,Hape
Story Shed Podcast Yoto Card,1,5+,plastic,no,Yoto,Yoto
My first opposites,1,0+,plastic,no,Yoto,Yoto
Aventuras en la ciudad con Peppa Pig,1,3+,plastic,no,Yoto,Yoto
Cuentos para escuchar en familia,1,3+,plastic,no,Yoto,Yoto
Cuentos de aventuras con Peppa Pig,1,3+,plastic,no,Yoto ,Yoto
Cuentos para cada dia con Peppa Pig,1,3+,plastic,no,Yoto,Yoto
Songs from the Playground,1,0+,plastic,no,Yoto,Yoto
My first 100 words,1,0+,plastic,no,Yoto,Yoto
Forest Friends Block Puzzle,9,1+,"plastic, paper",no,Puzzle,Mudpuppy
Wooden Lacing Beads,33,4+,"wood, string",no,Sensory,Melissa & Doug
Roly Poly Koala,1,0+,Plastic,no,Baby,Tiger Tribe
K'NEX,100+,5+,plastic,no,Building,K'NEX
Marble Run ,100+,3+,plastic,no,building,
Corn Popper,1,1+,plastic,no,Baby,Fisher-Price
Poppitoppy,1,1+,plastic,no,Baby,B. Toys
Magnetic Car Set,5,1+,wood,no,Baby,KiwiCo
Tropical Pop-Up,1,9m+,plastic,no,Baby,Fisher-Price
Cash Register,,3+,"wood, plastic",no,Learning,Melissa & Doug
Ice Cream Truck & Tow Truck,4,1+,Plastic,no,Vehicles,Fisher-Price
Kidscope,63,5+,plastic,yes,Learning,
Doll Stroller,1,1+,,no,"baby, active",
Ford Mustang Model Car,1,3+,"metal, plastic",no,Vehicles,
Mack Dump Truck & Snowplow,1,4+,"metal, plastic",yes,vehicles,Bruder
Manhattan Toy Skwish,1,0+,"wood, string",no,baby,
Cubebot,1,4+,"wood, string",no,"pretend play, learning toys",Areaware
Astronaut Costume,1, ,fabric,no,pretend play,H&M
Pirate ,1,,fabric,no,pretend play,
Knight tunic,1,,fabric,no,pretend play,
Quick Cube,1,6+,plastic,no,puzzles,Duncan 
Moose Match Mayhem,93,7+,paper,no,Games,DolphinHat
Clown puzzle,9,1+,wood,no,puzzles,Simplex
Pickup Sticks,31,5+,wood,no,Games,
Triangle,2,3+,metal,no,Sensory,
Uno,100+,7+,paper,no,Games,
Xylophone,3,6+,"metal, wood",no,sensory,
Owl Puzzle,100+ ,6+,paper,no,puzzles,
Butterfly Matching Game,44,5+,paper,no,puzzles,
Deep Ocean Puzzle ,30,3+,paper,no,puzzles,Quokka
Rainbow Stacking Bowls,5,1+,wood,no,baby,Grimm's 
Chunky Wooden Jigsaw Puzzle,4,1+,wood,no,baby,Lovevery
Water Waves Nesting Blocks,6,1+,wood,no,baby,Grimm's 
Stacking Rainbow,6,1+,wood,no,baby,Grimm's 
Wooden Stacking Pegboard,13,1+,wood,no,baby,Lovevery
Alphabet Blocks,,2+,wood,no,"learning, building",Uncle Goose
Race and Chase Ramp,3,1+,wood,no,"baby, vehicles",Lovevery
"Triange, Circle, Square Building Set",30,1+,wood,no,building,Grimm's 
Community Garden Puzzle,6,1+,wood,no,puzzle,Lovevery
Cranium Junior,100+,7+,"paper, plastic",no,Games,Hasbro
On a Scale of 1 to T-Rex,100+,7+,"paper, plastic",no,Games,Exploding Kittens
Firefighter Costume,1,3+,fabric,no,pretend play,Melissa & Doug
Wooden Train,10,1+,wood,no,baby,
Felt Flowers,6,2+,"wood, fabric",no,pretend play,Lovevery
Drop & Match Dot Catcher,26,2+,"wood, plastic",no,learning,Lovevery
Stacking Trio,13,1+,wood,no,baby,Voila
Double Sided Puzzle,8,2+,wood,no,puzzle,Lovevery
First Words Flashcards,22,1+,paper,no,learning,
Fruit Fidget Poppers,3,1+,plastic,no,sensory,
Routine Cards,20,1+,paper,no,learning,Lovevery